X(WGS84),Y(WGS84)
120.40359,23.70361
